31082024234426, 2, "Tamiya 2oz paint - ferrari red" $2.39, 1, 0.00 $2.39, August 31, 2024, 11:44:26 PM EDT


31082024235621, 2, "Tamiya 2oz paint - ferrari red" $2.39, 1, 0.00 $2.39, August 31, 2024, 11:56:21 PM EDT


01092024000008, 2, "Tamiya 2oz paint - ferrari red" $2.39, 1, 0.00 $2.39, September 1, 2024, 12:00:08 AM EDT
01092024000008, 1111, "Top Secret Twenty One - Janet Evanovich" $8.99, 1, 0.00 $8.99, September 1, 2024, 12:00:08 AM EDT
01092024000008, 339921, "Yamaha KT 100 kart engine" $950, 1, 0.00 $950.0, September 1, 2024, 12:00:08 AM EDT


01092024000211, 2, "Tamiya 2oz paint - ferrari red" $2.39, 1,, 0.00 $2.39, September 1, 2024, 12:02:11 AM EDT


01092024000243, 2, "Tamiya 2oz paint - ferrari red" ,$2.39, 1, 0.00 $2.39, September 1, 2024, 12:02:43 AM EDT


01092024000258, 2, "Tamiya 2oz paint - ferrari red",$2.39, 1, 0.00 $2.39, September 1, 2024, 12:02:58 AM EDT


01092024000313, 2, "Tamiya 2oz paint - ferrari red", $2.39, 1, 0.00 $2.39, September 1, 2024, 12:03:13 AM EDT


01092024000354, 2, "Tamiya 2oz paint - ferrari red", $2.39, 1, 0.00, $2.39, September 1, 2024, 12:03:54 AM EDT


01092024172015, 1111, "Top Secret Twenty One - Janet Evanovich", $8.99, 1, 0.00, $8.99, September 1, 2024, 05:20:15 PM EDT


